<?xml version="1.0" encoding="UTF-8"?>
<?xml-stylesheet type="text/xsl" href="configuration.xsl"?>
<!--
  Licensed under the Apache License, Version 2.0 (the "License");
  you may not use this file except in compliance with the License.
  You may obtain a copy of the License at

    http://www.apache.org/licenses/LICENSE-2.0

  Unless required by applicable law or agreed to in writing, software
  distributed under the License is distributed on an "AS IS" BASIS,
  WITHOUT WARRANTIES OR CONDITIONS OF ANY KIND, either express or implied.
  See the License for the specific language governing permissions and
  limitations under the License. See accompanying LICENSE file.
-->

<!-- Put site-specific property overrides in this file. -->

<configuration>


<!-- 指定副本数 -->
	<property>
		<name>dfs.replication</name>
		<value>2</value>
	</property>

	<!-- 配置namenode和datanode的工作目录-数据存储目录 -->
	<property>
		<name>dfs.namenode.name.dir</name>
		<value>/home/hadoop/data/hadoopdata/dfs/name</value>
	</property>
	<property>
		<name>dfs.datanode.data.dir</name>
		<value>/home/hadoop/data/hadoopdata/dfs/data</value>
	</property>

	<!-- 启用webhdfs -->
	<property>
		<name>dfs.webhdfs.enabled</name>
		<value>true</value>
	</property>

	<!--指定hdfs的nameservice为myha01，需要和core-site.xml中的保持一致 
	     	     		dfs.ha.namenodes.[nameservice id]为在nameservice中的每一个NameNode设置唯一标示符。 
		配置一个逗号分隔的NameNode ID列表。这将是被DataNode识别为所有的NameNode。 
		例如，如果使用"myha01"作为nameservice ID，并且使用"nn1"和"nn2"作为NameNodes标示符 
	-->
	<property>
		<name>dfs.nameservices</name>
		<value>myha01</value>
	</property>

	<!-- myha01下面有两个NameNode，分别是nn1，nn2 -->
	<property>
		<name>dfs.ha.namenodes.myha01</name>
		<value>nn1,nn2</value>
	</property>

	<!-- nn1的RPC通信地址 -->
	<property>
		<name>dfs.namenode.rpc-address.myha01.nn1</name>
		<value>hadoop02:9000</value>
	</property>

	<!-- nn1的http通信地址 -->
	<property>
		<name>dfs.namenode.http-address.myha01.nn1</name>
		<value>hadoop02:50070</value>
	</property>

	<!-- nn2的RPC通信地址 -->
	<property>
		<name>dfs.namenode.rpc-address.myha01.nn2</name>
		<value>hadoop03:9000</value>
	</property>

	<!-- nn2的http通信地址 -->
	<property>
		<name>dfs.namenode.http-address.myha01.nn2</name>
		<value>hadoop03:50070</value>
	</property>

	<!-- 指定NameNode的edits元数据的共享存储位置。也就是JournalNode列表 
	     	     		该url的配置格式：qjournal://host1:port1;host2:port2;host3:port3/journalId 
		journalId推荐使用nameservice，默认端口号是：8485 -->
	<property>
		<name>dfs.namenode.shared.edits.dir</name>
		<value>qjournal://hadoop02:8485;hadoop03:8485;hadoop04:8485/myha01</value>
	</property>

	<!-- 指定JournalNode在本地磁盘存放数据的位置 -->
	<property>
		<name>dfs.journalnode.edits.dir</name>
		<value>/home/hadoop/data/journaldata</value>
	</property>

	<!-- 开启NameNode失败自动切换 -->
	<property>
		<name>dfs.ha.automatic-failover.enabled</name>
		<value>true</value>
	</property>

	<!-- 配置失败自动切换实现方式 -->
	<property>
		<name>dfs.client.failover.proxy.provider.myha01</name>
		<value>org.apache.hadoop.hdfs.server.namenode.ha.ConfiguredFailoverProxyProvider</value>
	</property>

	<!-- 配置隔离机制方法，多个机制用换行分割，即每个机制暂用一行 -->
	<property>
		<name>dfs.ha.fencing.methods</name>
		<value>
			sshfence
			shell(/bin/true)
		</value>
	</property>

	<!-- 使用sshfence隔离机制时需要ssh免登陆 -->
	<property>
		<name>dfs.ha.fencing.ssh.private-key-files</name>
		<value>/home/hadoop/.ssh/id_rsa</value>
	</property>

	<!-- 配置sshfence隔离机制超时时间 -->
	<property>
		<name>dfs.ha.fencing.ssh.connect-timeout</name>
		<value>30000</value>
	</property>

	<property>
		<name>ha.failover-controller.cli-check.rpc-timeout.ms</name>
		<value>60000</value>
	</property>



</configuration>
