<!DOCTYPE import-control PUBLIC
"-//Puppy Crawl//DTD Import Control 1.1//EN"
"http://www.puppycrawl.com/dtds/import_control_1_1.dtd">
<!--
// Licensed to the Apache Software Foundation (ASF) under one or more
// contributor license agreements.  See the NOTICE file distributed with
// this work for additional information regarding copyright ownership.
// The ASF licenses this file to You under the Apache License, Version 2.0
// (the "License"); you may not use this file except in compliance with
// the License.  You may obtain a copy of the License at
//
//    http://www.apache.org/licenses/LICENSE-2.0
//
// Unless required by applicable law or agreed to in writing, software
// distributed under the License is distributed on an "AS IS" BASIS,
// WITHOUT WARRANTIES OR CONDITIONS OF ANY KIND, either express or implied.
// See the License for the specific language governing permissions and
// limitations under the License.
-->

<import-control pkg="kafka">

  <!-- THINK HARD ABOUT THE LAYERING OF THE PROJECT BEFORE CHANGING THIS FILE -->

  <!-- common library dependencies -->
  <allow pkg="java" />
  <allow pkg="scala" />
  <allow pkg="javax.management" />
  <allow pkg="org.slf4j" />
  <allow pkg="org.junit" />
  <allow pkg="org.easymock" />
  <allow pkg="java.security" />
  <allow pkg="javax.net.ssl" />
  <allow pkg="javax.security" />

  <allow pkg="kafka.common" />
  <allow pkg="kafka.utils" />
  <allow pkg="kafka.serializer" />
  <allow pkg="org.apache.kafka.common" />

  <subpackage name="javaapi">
    <subpackage name="consumer">
      <allow pkg="kafka.consumer" />
    </subpackage>

    <subpackage name="message">
      <allow pkg="kafka.message" />
    </subpackage>

    <subpackage name="producer">
      <allow pkg="kafka.producer" />
    </subpackage>
  </subpackage>

  <subpackage name="tools">
    <allow pkg="kafka.admin" />
    <allow pkg="kafka.javaapi" />
    <allow pkg="kafka.producer" />
    <allow pkg="kafka.consumer" />
    <allow pkg="joptsimple" />
    <allow pkg="org.apache.kafka.clients.consumer" />
  </subpackage>

  <subpackage name="examples">
    <allow pkg="org.apache.kafka.clients" />
    <allow pkg="kafka.api" />
    <allow pkg="kafka.javaapi" />
    <allow pkg="kafka.message" />
  </subpackage>

</import-control>
