<?xml version="1.0" encoding="UTF-8" ?>

<!--
Licensed to the Apache Software Foundation (ASF) under one
or more contributor license agreements.  See the NOTICE file
distributed with this work for additional information
regarding copyright ownership.  The ASF licenses this file
to you under the Apache License, Version 2.0 (the
"License"); you may not use this file except in compliance
with the License.  You may obtain a copy of the License at

http://www.apache.org/licenses/LICENSE-2.0

Unless required by applicable law or agreed to in writing,
software distributed under the License is distributed on an
"AS IS" BASIS, WITHOUT WARRANTIES OR CONDITIONS OF ANY
KIND, either express or implied.  See the License for the
specific language governing permissions and limitations
under the License.
-->

<?ignore
This is the annotations file for the Google Custom Search Engine
used by the Apache Flink Documentation after version 1.3.
After modifying this file it needs to be uploaded to the Custom Search control panel at
https://cse.google.com/cse/setup/advanced?cx=000322205049649384055%3Aqbxxlwnwoqs
in order for the changes to take effect.
The UI is specified separately in cse.xml.
?>

<Annotations start="0" num="7" total="7">
  <Annotation score="1" about="ci.apache.org/projects/flink/flink-docs-master/*" timestamp="0x0005539172a442a2" href="CjBjaS5hcGFjaGUub3JnL3Byb2plY3RzL2ZsaW5rL2ZsaW5rLWRvY3MtbWFzdGVyLyoQooWRlZfy1AI">
    <Label name="_cse_qbxxlwnwoqs" />
    <Label name="documentation" />
    <AdditionalData attribute="original_url" value="https://ci.apache.org/projects/flink/flink-docs-master/" />
  </Annotation>
  <Annotation score="0.2" about="issues.apache.org/jira/browse/FLINK-*" timestamp="0x000553938050ff8b" href="CiVpc3N1ZXMuYXBhY2hlLm9yZy9qaXJhL2Jyb3dzZS9GTElOSy0qEIv_w4K48tQC">
    <Label name="_cse_qbxxlwnwoqs" />
    <Label name="jira" />
    <AdditionalData attribute="original_url" value="https://issues.apache.org/jira/browse/FLINK-*" />
  </Annotation>
  <Annotation score="0.5" about="mail-archives.apache.org/mod_mbox/flink-*" timestamp="0x000553917ae594ac" href="Ci1tYWlsLWFyY2hpdmVzLmFwYWNoZS5vcmcvbW9kX21ib3gvZmxpbmstZGV2LyoQrKmW15fy1AI">
    <Label name="_cse_qbxxlwnwoqs" />
    <Label name="mailing_lists" />
    <AdditionalData attribute="original_url" value="https://mail-archives.apache.org/mod_mbox/flink-*" />
  </Annotation>
  <Annotation score="0.5" about="cwiki.apache.org/confluence/display/FLINK/FLIP-*">
    <Label name="_cse_qbxxlwnwoqs" />
    <Label name="flips" />
    <AdditionalData attribute="original_url" value="https://cwiki.apache.org/confluence/display/FLINK/FLIP-*" />
  </Annotation>
  <Annotation score="0.5" about="*.flink-forward.org/*">
    <Label name="_cse_qbxxlwnwoqs" />
    <Label name="FF" />
  </Annotation>
  <Annotation score="0.001" about="*.stackoverflow.com/*" timestamp="0x000553943f18494c" href="ChUqLnN0YWNrb3ZlcmZsb3cuY29tLyoQzJLh-MPy1AI">
    <Label name="_cse_qbxxlwnwoqs" />
    <Label name="stack_overflow" />
    <AdditionalData attribute="original_url" value="https://stackoverflow.com" />
  </Annotation>
  <Annotation about="ci.apache.org/projects/flink/flink-docs-master/api/java/*" timestamp="0x0005539459e4638b" href="CjljaS5hcGFjaGUub3JnL3Byb2plY3RzL2ZsaW5rL2ZsaW5rLWRvY3MtbWFzdGVyL2FwaS9qYXZhLyoQi8eRz8Xy1AI">
    <Label name="_cse_exclude_qbxxlwnwoqs" />
    <Label name="javadocs" />
    <AdditionalData attribute="original_url" value="https://ci.apache.org/projects/flink/flink-docs-master/api/java/" />
  </Annotation>
</Annotations>
