<configuration>
    <property>
        <name>javax.jdo.option.ConnectionURL</name>
        <value>jdbc:mysql://bigdata02:3306/hivemetadb236?createDatabaseIfNotExist=true&amp;verifyServerCertificate=false&amp;useSSL=false</value>
        <description>JDBC connect string for a JDBC metastore</description>
        <!-- 如果mysql和hive在同一个服务器节点，那么请更改bigdata02为localhost  -->
        <!-- bigdata02为你安装的MySQL服务器节点，请更改为自己的 -->
    </property>

    <property>
        <name>javax.jdo.option.ConnectionDriverName</name>
        <value>com.mysql.jdbc.Driver</value>
        <!-- SQL的驱动类名称，不用更改 -->
        <description>Driver class name for a JDBC metastore</description>
    </property>

    <property>
        <name>javax.jdo.option.ConnectionUserName</name>
        <value>root</value>
        <!-- 连接MySQL的用户账户名 -->
        <description>username to use against metastore database</description>
    </property>

    <property>
        <name>javax.jdo.option.ConnectionPassword</name>
        <value>QWer_1234</value>
        <!-- 连接MySQL的用户的登录密码 -->
        <description>password to use against metastore database</description>
    </property>

    <property>
        <name>hive.metastore.warehouse.dir</name>
        <value>/user/hive/warehouse</value>
        <description>hive default warehouse, if nessecory, change it</description>
        <!-- 可选配置，该配置信息用来指定Hive数据仓库的数据存储在HDFS上的目录 -->
    </property>


    <property>
        <name>hive.metastore.uris</name>
        <value>thrift://bigdata05:9083</value>
    </property>

    <property>
        <name>hive.server2.webui.host</name>
        <value>bigdata05</value>
    </property>

    <property>
        <name>hive.server2.webui.port</name>
        <value>10002</value>
    </property>
</configuration>
