<?xml version="1.0" encoding="UTF-8"?>
<?xml-stylesheet type="text/xsl" href="configuration.xsl"?>
<!--
  Licensed under the Apache License, Version 2.0 (the "License");
  you may not use this file except in compliance with the License.
  You may obtain a copy of the License at

    http://www.apache.org/licenses/LICENSE-2.0

  Unless required by applicable law or agreed to in writing, software
  distributed under the License is distributed on an "AS IS" BASIS,
  WITHOUT WARRANTIES OR CONDITIONS OF ANY KIND, either express or implied.
  See the License for the specific language governing permissions and
  limitations under the License. See accompanying LICENSE file.
-->

<!-- Put site-specific property overrides in this file. -->


<configuration>


    <!-- 指定hdfs的nameservice为hadoop277ha -->
    <property>
        <name>fs.defaultFS</name>修改hdfs-site.xml
        <value>hdfs://hadoop277ha/</value>
    </property>
    <!-- 指定hadoop工作目录 -->
    <property>
        <name>hadoop.tmp.dir</name>
        <value>/home/bigdata/data/hadoopdata/</value>
    </property>
    <!-- 指定zookeeper集群访问地址 -->
    <property>
        <name>ha.zookeeper.quorum</name>
        <value>bigdata02:2181,bigdata03:2181,bigdata04:2181</value>
    </property>
    <!-- 这项配置为了解决以后其他组件连接HDFS集群来做准备的 -->
    <property>
        <name>hadoop.proxyuser.bigdata.hosts</name>
        <value>*</value>
    </property>
    <property>
        <name>hadoop.proxyuser.bigdata.groups</name>
        <value>*</value>
    </property>


</configuration>
