<?xml version="1.0" encoding="UTF-8"?>
<?xml-stylesheet type="text/xsl" href="configuration.xsl"?>
<!--
  Licensed under the Apache License, Version 2.0 (the "License");
  you may not use this file except in compliance with the License.
  You may obtain a copy of the License at

    http://www.apache.org/licenses/LICENSE-2.0

  Unless required by applicable law or agreed to in writing, software
  distributed under the License is distributed on an "AS IS" BASIS,
  WITHOUT WARRANTIES OR CONDITIONS OF ANY KIND, either express or implied.
  See the License for the specific language governing permissions and
  limitations under the License. See accompanying LICENSE file.
-->

<!-- Put site-specific property overrides in this file. -->

<configuration>


    <!-- 指定副本数 -->
    <property>
        <name>dfs.replication</name>
        <value>3</value>
    </property>
    <!--指定hdfs的nameservice为hadoop277ha，需要和core-site.xml中保持一致-->
    <property>
        <name>dfs.nameservices</name>
        <value>hadoop277ha</value>
    </property>
    <!-- hadoop277ha下面有两个NameNode，分别是nn1，nn2 -->
    <property>
        <name>dfs.ha.namenodes.hadoop277ha</name>
        <value>nn1,nn2</value>
    </property>
    <!-- nn1的RPC通信地址 -->
    <property>
        <name>dfs.namenode.rpc-address.hadoop277ha.nn1</name>
        <value>bigdata02:9000</value>
    </property>
    <!-- nn1的http通信地址 -->
    <property>
        <name>dfs.namenode.http-address.hadoop277ha.nn1</name>
        <value>bigdata02:50070</value>
    </property>
    <!-- nn2的RPC通信地址 -->
    <property>
        <name>dfs.namenode.rpc-address.hadoop277ha.nn2</name>
        <value>bigdata03:9000</value>
    </property>
    <!-- nn2的http通信地址 -->
    <property>
        <name>dfs.namenode.http-address.hadoop277ha.nn2</name>
        <value>bigdata03:50070</value>
    </property>
    <!-- 指定NameNode的edits元数据在JournalNode上的存放位置 -->
    <property>
        <name>dfs.namenode.shared.edits.dir</name>
        <value>qjournal://bigdata02:8485;bigdata03:8485;bigdata04:8485/hadoop277ha</value>
    </property>
    <!-- 指定JournalNode在本地磁盘存放数据的位置 -->
    <property>
        <name>dfs.journalnode.edits.dir</name>
        <value>/home/bigdata/data/journaldata</value>
    </property>
    <!-- 开启NameNode失败自动切换 -->
    <property>
        <name>dfs.ha.automatic-failover.enabled</name>
        <value>true</value>
    </property>
    <!-- 配置失败自动切换实现方式 -->
    <!-- 此处配置在安装的时候切记检查不要换行-->
    <property>
        <name>dfs.client.failover.proxy.provider.hadoop277ha</name>
        <value>org.apache.hadoop.hdfs.server.namenode.ha.ConfiguredFailoverProxyProvider</value>
    </property>
    <!-- 配置隔离机制方法，多个机制用换行分割，即每个机制暂用一行-->
    <property>
        <name>dfs.ha.fencing.methods</name>
        <value>
            sshfence
            shell(/bin/true)
        </value>
    </property>
    <!-- 使用sshfence隔离机制时需要ssh免登陆 -->
    <property>
        <name>dfs.ha.fencing.ssh.private-key-files</name>
        <value>/home/bigdata/.ssh/id_rsa</value>
    </property>
    修改mapred-site.xml
    <!-- 配置sshfence隔离机制超时时间 -->
    <property>
        <name>dfs.ha.fencing.ssh.connect-timeout</name>
        <value>30000</value>
    </property>
    <property>
        <name>dfs.webhdfs.enabled</name>
        <value>true</value>
    </property>


</configuration>
