<?xml version="1.0" encoding="UTF-8"?>
<Configuration status="WARN">
    <properties>
        <property name="LOG_HOME">C:/logs</property>
        <property name="FILE_NAME">mylog</property>
        <property name="log.sql.level">info</property>
    </properties>

    <Appenders>
        <Console name="Console" target="SYSTEM_OUT">
            <PatternLayout pattern="%d{HH:mm:ss.SSS} [%t] %-5level %l - %msg%n"/>
        </Console>

        <RollingRandomAccessFile name="RollingRandomAccessFile" fileName="${LOG_HOME}/${FILE_NAME}.log"
                                 filePattern="${LOG_HOME}/$${date:yyyy-MM}/${FILE_NAME}-%d{yyyy-MM-dd HH-mm}-%i.log">
            <PatternLayout pattern="%d{HH:mm:ss.SSS} [%t] %-5level %l - %msg%n"/>
            <Policies>
                <TimeBasedTriggeringPolicy interval="1"/>
                <SizeBasedTriggeringPolicy size="10 MB"/>
            </Policies>
            <DefaultRolloverStrategy max="20"/>
        </RollingRandomAccessFile>
    </Appenders>

    <Loggers>
        <Root level="warn">
            <AppenderRef ref="Console"/>
            <AppenderRef ref="RollingRandomAccessFile"/>
        </Root>

        <Logger name="com.dy.hbase2hbase" level="${log.sql.level}" additivity="false">
            <AppenderRef ref="Console"/>
        </Logger>
        <Logger name="mylog" level="${log.sql.level}" additivity="false">
            <AppenderRef ref="Console"/>
        </Logger>
    </Loggers>
</Configuration>