<?xml version="1.0" encoding="UTF-8"?>
<project xmlns="http://maven.apache.org/POM/4.0.0" xmlns:xsi="http://www.w3.org/2001/XMLSchema-instance" xsi:schemaLocation="http://maven.apache.org/POM/4.0.0 http://maven.apache.org/maven-v4_0_0.xsd">
  <modelVersion>4.0.0</modelVersion>
  <groupId>com.kkb.streaming</groupId>
  <artifactId>mystreaminglesson</artifactId>
  <version>1.0-SNAPSHOT</version>
  <build>
    <pluginManagement>
      <plugins>
        <plugin>
          <groupId>net.alchim31.maven</groupId>
          <artifactId>scala-maven-plugin</artifactId>
          <version>3.2.2</version>
        </plugin>
        <plugin>
          <artifactId>maven-compiler-plugin</artifactId>
          <version>3.5.1</version>
        </plugin>
      </plugins>
    </pluginManagement>
    <plugins>
      <plugin>
        <groupId>net.alchim31.maven</groupId>
        <artifactId>scala-maven-plugin</artifactId>
        <executions>
          <execution>
            <id>scala-compile-first</id>
            <phase>process-resources</phase>
            <goals>
              <goal>add-source</goal>
              <goal>compile</goal>
            </goals>
          </execution>
          <execution>
            <id>scala-test-compile</id>
            <phase>process-test-resources</phase>
            <goals>
              <goal>testCompile</goal>
            </goals>
          </execution>
        </executions>
      </plugin>
      <plugin>
        <artifactId>maven-compiler-plugin</artifactId>
        <executions>
          <execution>
            <phase>compile</phase>
            <goals>
              <goal>compile</goal>
            </goals>
          </execution>
        </executions>
      </plugin>
      <plugin>
        <artifactId>maven-shade-plugin</artifactId>
        <version>2.4.3</version>
        <executions>
          <execution>
            <phase>package</phase>
            <goals>
              <goal>shade</goal>
            </goals>
            <configuration>
              <filters>
                <filter>
                  <artifact>*:*</artifact>
                  <excludes>
                    <exclude>META-INF/*.SF</exclude>
                    <exclude>META-INF/*.DSA</exclude>
                    <exclude>META-INF/*.RSA</exclude>
                  </excludes>
                </filter>
              </filters>
            </configuration>
          </execution>
        </executions>
      </plugin>
    </plugins>
  </build>
  <properties>
    <scala.version>2.11.8</scala.version>
    <encoding>UTF-8</encoding>
    <hadoop.version>2.7.5</hadoop.version>
    <maven.compiler.source>1.8</maven.compiler.source>
    <spark.version>2.3.1</spark.version>
    <maven.compiler.target>1.8</maven.compiler.target>
  </properties>
</project>

